Monster Name,NPC ID,Player,Town NPC,Male,Female,Genderless,Bats,Hornet,Zombie,Skeleton,Undead,Worm ,Beast,Reptile,Spider,Eye,Slime,Construct,Plant,Ambient,Fish,Insect,Flying,Mimic,Projectile,Boss
BigHornetStingy,-65,,,,,Y,,Y,,,,,,,,,,,,,,,,,,
LittleHornetStingy,-64,,,,,Y,,Y,,,,,,,,,,,,,,,,,,
BigHornetSpikey,-63,,,,,Y,,Y,,,,,,,,,,,,,,,,,,
LittleHornetSpikey,-62,,,,,Y,,Y,,,,,,,,,,,,,,,,,,
BigHornetLeafy,-61,,,,,Y,,Y,,,,,,,,,,,,,,,,,,
LittleHornetLeafy,-60,,,,,Y,,Y,,,,,,,,,,,,,,,,,,
BigHornetHoney,-59,,,,,Y,,Y,,,,,,,,,,,,,,,,,,
LittleHornetHoney,-58,,,,,Y,,Y,,,,,,,,,,,,,,,,,,
BigHornetFatty,-57,,,,,Y,,Y,,,,,,,,,,,,,,,,,,
LittleHornetFatty,-56,,,,,Y,,Y,,,,,,,,,,,,,,,,,,
BigRainZombie,-55,,,Y,,,,,Y,,,,,,,,,,,,,,,,,
SmallRainZombie,-54,,,Y,,,,,Y,,,,,,,,,,,,,,,,,
BigPantlessSkeleton,-53,,,Y,,,,,,Y,,,,,,,,,,,,,,,,
SmallPantlessSkeleton,-52,,,Y,,,,,,Y,,,,,,,,,,,,,,,,
BigMisassembledSkeleton,-51,,,Y,,,,,,Y,,,,,,,,,,,,,,,,
SmallMisassembledSkeleton,-50,,,Y,,,,,,Y,,,,,,,,,,,,,,,,
BigHeadacheSkeleton,-49,,,Y,,,,,,Y,,,,,,,,,,,,,,,,
SmallHeadacheSkeleton,-48,,,Y,,,,,,Y,,,,,,,,,,,,,,,,
BigSkeleton,-47,,,Y,,,,,,Y,,,,,,,,,,,,,,,,
SmallSkeleton,-46,,,Y,,,,,,Y,,,,,,,,,,,,,,,,
BigFemaleZombie,-45,,,,Y,,,,Y,,,,,,,,,,,,,,,,,
SmallFemaleZombie,-44,,,,Y,,,,Y,,,,,,,,,,,,,,,,,
DemonEye2,-43,,,,,Y,,,,,,,,,,Y,,,,,,,,,,
PurpleEye2,-42,,,,,Y,,,,,,,,,,Y,,,,,,,,,,
GreenEye2,-41,,,,,Y,,,,,,,,,,Y,,,,,,,,,,
DialatedEye2,-40,,,,,Y,,,,,,,,,,Y,,,,,,,,,,
SleepyEye2,-39,,,,,Y,,,,,,,,,,Y,,,,,,,,,,
CataractEye2,-38,,,,,Y,,,,,,,,,,Y,,,,,,,,,,
BigTwiggyZombie,-37,,,Y,,,,,Y,,,,,,,,,,,,,,,,,
SmallTwiggyZombie,-36,,,Y,,,,,Y,,,,,,,,,,,,,,,,,
BigSwampZombie,-35,,,Y,,,,,Y,,,,,,,,,,,,,,,,,
SmallSwampZombie,-34,,,Y,,,,,Y,,,,,,,,,,,,,,,,,
BigSlimedZombie,-33,,,Y,,,,,Y,,,,,,,,,,,,,,,,,
SmallSlimedZombie,-32,,,Y,,,,,Y,,,,,,,,,,,,,,,,,
BigPincushionZombie,-31,,,Y,,,,,Y,,,,,,,,,,,,,,,,,
SmallPincushionZombie,-30,,,Y,,,,,Y,,,,,,,,,,,,,,,,,
BigBaldZombie,-29,,,Y,,,,,Y,,,,,,,,,,,,,,,,,
SmallBaldZombie,-28,,,Y,,,,,Y,,,,,,,,,,,,,,,,,
BigZombie,-27,,,Y,,,,,Y,,,,,,,,,,,,,,,,,
SmallZombie,-26,,,Y,,,,,Y,,,,,,,,,,,,,,,,,
BigCrimslime,-25,,,,,Y,,,,,,,,,,,Y,,,,,,,,,
LittleCrimslime,-24,,,,,Y,,,,,,,,,,,Y,,,,,,,,,
BigCrimera,-23,,,,,Y,,,,,,,,,,,,,,,,,,,,
LittleCrimera,-22,,,,,Y,,,,,,,,,,,,,,,,,,,,
GiantMossHornet,-21,,,,,Y,,Y,,,,,,,,,,,,,,,,,,
BigMossHornet,-20,,,,,Y,,Y,,,,,,,,,,,,,,,,,,
LittleMossHornet,-19,,,,,Y,,Y,,,,,,,,,,,,,,,,,,
TinyMossHornet,-18,,,,,Y,,Y,,,,,,,,,,,,,,,,,,
BigStinger,-17,,,,,Y,,Y,,,,,,,,,,,,,,,,,,
LittleStinger,-16,,,,,Y,,Y,,,,,,,,,,,,,,,,,,
HeavySkeleton,-15,,,,,Y,,,,Y,,,,,,,,,,,,,,,,
BigBoned,-14,,,,,Y,,,,Y,,,,,,,,,,,,,,,,
ShortBones,-13,,,,,Y,,,,Y,,,,,,,,,,,,,,,,
BigEater,-12,,,,,Y,,,,,,,,,,,,,,,,,,,,
LittleEater,-11,,,,,Y,,,,,,,,,,,,,,,,,,,,
JungleSlime,-10,,,,,Y,,,,,,,,,,,Y,,,,,,,,,
YellowSlime,-9,,,,,Y,,,,,,,,,,,Y,,,,,,,,,
RedSlime,-8,,,,,Y,,,,,,,,,,,Y,,,,,,,,,
PurpleSlime,-7,,,,,Y,,,,,,,,,,,Y,,,,,,,,,
BlackSlime,-6,,,,,Y,,,,,,,,,,,Y,,,,,,,,,
BabySlime,-5,,,,,Y,,,,,,,,,,,Y,,,,,,,,,
Pinky,-4,,,,,Y,,,,,,,,,,,Y,,,,,,,,,
GreenSlime,-3,,,,,Y,,,,,,,,,,,Y,,,,,,,,,
Slimer2,-2,,,,,Y,,,,,,,,,,,Y,,,,,,,,,
Slimeling,-1,,,,,Y,,,,,,,,,,,Y,,,,,,,,,
BlueSlime,1,,,,,Y,,,,,,,,,,,Y,,,,,,,,,
DemonEye,2,,,,,Y,,,,,,,,,,Y,,,,,,,,,,
Zombie,3,,,Y,,,,,Y,,,,,,,,,,,,,,,,,
EyeofCthulhu ,4,,,,,Y,,,,,,,,,,Y,,,,,,,,,,y
ServantofCthulhu,5,,,,,Y,,,,,,,,,,Y,,,,,,,,,,
EaterofSouls,6,,,,,Y,,,,,,,,,,,,,,,,,,,,
DevourerHead,7,,,,,Y,,,,,,Y,,,,,,,,,,,,,,
DevourerBody,8,,,,,Y,,,,,,Y,,,,,,,,,,,,,,
DevourerTail,9,,,,,Y,,,,,,Y,,,,,,,,,,,,,,
GiantWormHead,10,,,,,Y,,,,,,Y,,,,,,,,,,,,,,
GiantWormBody,11,,,,,Y,,,,,,Y,,,,,,,,,,,,,,
GiantWormTail,12,,,,,Y,,,,,,Y,,,,,,,,,,,,,,
EaterofWorldsHead ,13,,,,,Y,,,,,,Y,,,,,,,,,,,,,,Y
EaterofWorldsBody,14,,,,,Y,,,,,,Y,,,,,,,,,,,,,,Y
EaterofWorldsTail,15,,,,,Y,,,,,,Y,,,,,,,,,,,,,,Y
MotherSlime,16,,,,Y,,,,,,,,,,,,Y,,,,,,,,,
Merchant,17,,Y,Y,,,,,,,,,,,,,,,,,,,,,,
Nurse,18,,Y,,Y,,,,,,,,,,,,,,,,,,,,,
ArmsDealer,19,,Y,Y,,,,,,,,,,,,,,,,,,,,,,
Dryad,20,,Y,,Y,,,,,,,,,,,,,,,,,,,,,
Skeleton,21,,,,,Y,,,,Y,,,,,,,,,,,,,,,,
Guide,22,,Y,Y,,,,,,,,,,,,,,,,,,,,,,
MeteorHead,23,,,,,Y,,,,,,,,,,,,Y,,,,,,,,
FireImp,24,,,Y,,,,,,,,,,,,,,,,,,,,,,
BurningSphere,25,,,,,Y,,,,,,,,,,,,Y,,,,,,,,
GoblinPeon,26,,,Y,,,,,,,,,,,,,,,,,,,,,,
GoblinThief,27,,,Y,,,,,,,,,,,,,,,,,,,,,,
GoblinWarrior,28,,,Y,,,,,,,,,,,,,,,,,,,,,,
GoblinSorcerer,29,,,,Y,,,,,,,,,,,,,,,,,,,,,
ChaosBall,30,,,,,Y,,,,,,,,,,,,,,,,,,,Y,
AngryBones,31,,,,,Y,,,,Y,,,,,,,,,,,,,,,,
DarkCaster,32,,,,,Y,,,,Y,,,,,,,,,,,,,,,,
WaterSphere,33,,,,,Y,,,,,,,,,,,,,,,,,,,Y,
CursedSkull,34,,,,,Y,,,,Y,Y,,,,,,,,,,,,,,,
SkeletronHead,35,,,,,Y,,,,Y,,,,,,,,,,,,,,,,Y
SkeletronHand,36,,,,,Y,,,,Y,,,,,,,,,,,,,,,,Y
OldMan,37,,,Y,,,,,,,,,,,,,,,,,,,,,,
Demolitionist,38,,,Y,,,,,,,,,,,,,,,,,,,,,,
BoneSerpentHead,39,,,,,Y,,,,Y,,Y,,,,,,,,,,,,,,
BoneSerpentBody,40,,,,,Y,,,,Y,,Y,,,,,,,,,,,,,,
BoneSerpentTail,41,,,,,Y,,,,Y,,Y,,,,,,,,,,,,,,
Hornet,42,,,,,Y,,Y,,,,,,,,,,,,,,,,,,
ManEater,43,,,,,Y,,,,,,,,,,,,,Y,,,,,,,
UndeadMiner,44,,,Y,,,,,,,Y,,,,,,,,,,,,,,,
Tim,45,,,Y,,,,,,,Y,,,,,,,,,,,,,,,
Bunny,46,,,,,Y,,,,,,,,,,,,,,Y,,,,,,
CorruptBunny,47,,,,,Y,,,,,,,,,,,,,,Y,,,,,,
Harpy,48,,,,Y,,,,,,,,,,,,,,,,,,Y,,,
CaveBat,49,,,,,Y,Y,,,,,,,,,,,,,,,,,,,
KingSlime,50,,,Y,,,,,,,,,,,,,Y,,,,,,,,,Y
JungleBat,51,,,,,Y,Y,,,,,,,,,,,,,,,,,,,
DoctorBones,52,,,Y,,,,,,Y,,,,,,,,,,,,,,,,
TheGroom,53,,,Y,,,,,Y,,,,,,,,,,,,,,,,,
Clothier,54,,Y,Y,,,,,,,,,,,,,,,,,,,,,,
Goldfish,55,,,,,Y,,,,,,,,,,,,,,Y,Y,,,,,
Snatcher,56,,,,,Y,,,,,,,,,,,,,Y,,,,,,,
CorruptGoldfish,57,,,,,Y,,,,,,,,,,,,,,Y,,,,,,
Piranha,58,,,,,Y,,,,,,,,,,,,,,,Y,,,,,
LavaSlime,59,,,,,Y,,,,,,,,,,,Y,,,,,,,,,
Hellbat,60,,,,,Y,Y,,,,,,,,,,,,,,,,,,,
Vulture,61,,,,,Y,,,,,,,,,,,,,,,,,Y,,,
Demon,62,,,,,Y,,,,,,,,,,Y,,,,,,,,,,
BlueJellyfish,63,,,,,Y,,,,,,,,,,,,,,,Y,,,,,
PinkJellyfish,64,,,,,Y,,,,,,,,,,,,,,,Y,,,,,
Shark,65,,,,,Y,,,,,,,,,,,,,,,Y,,,,,
VoodooDemon,66,,,,,Y,,,,,,,,,,,,,,,,,,,,
Crab,67,,,,,Y,,,,,,,,,,,,,,Y,,,,,,
DungeonGuardian,68,,,,,Y,,,,,Y,,,,,,,,,,,,,,,Y
Antlion,69,,,,,Y,,,,,,,,,,,,,,,,Y,,,,
SpikeBall,70,,,,,Y,,,,,,,,,,,,,,,,,,,Y,
DungeonSlime,71,,,,,Y,,,,,,,,,,,Y,,,,,,,,,
BlazingWheel,72,,,,,Y,,,,,,,,,,,,Y,,,,,,,,
GoblinScout,73,,,Y,,,,,,,,,,,,,,,,,,,,,,
Bird,74,,,,,Y,,,,,,,,,,,,,,Y,,,Y,,,
Pixie,75,,,,,Y,,,,,,,,,,,,,,,,,Y,,,
,76,,,,,,,,,,,,,,,,,,,,,,,,,
ArmoredSkeleton,77,,,,,Y,,,,Y,,,,,,,,,,,,,,,,
Mummy,78,,,,,Y,,,,,Y,,,,,,,,,,,,,,,
DarkMummy,79,,,,,Y,,,,,Y,,,,,,,,,,,,,,,
LightMummy,80,,,,,Y,,,,,Y,,,,,,,,,,,,,,,
CorruptSlime,81,,,,,Y,,,,,,,,,,,Y,,,,,,,,,
Wraith,82,,,,,Y,,,,,Y,,,,,,,,,,,,,,,
CursedHammer,83,,,,,Y,,,,,,,,,,,,Y,,,,,,,,
EnchantedSword,84,,,,,Y,,,,,,,,,,,,Y,,,,,,,,
Mimic,85,,,,,Y,,,,,,,,,,,,,,,,,,Y,,
Unicorn,86,,,,,Y,,,,,,,Y,,,,,,,,,,,,,
WyvernHead,87,,,,,Y,,,,,,,,Y,,,,,,,,,Y,,,
WyvernLegs,88,,,,,Y,,,,,,,,Y,,,,,,,,,Y,,,
WyvernBody,89,,,,,Y,,,,,,,,Y,,,,,,,,,Y,,,
WyvernBody2,90,,,,,Y,,,,,,,,Y,,,,,,,,,Y,,,
WyvernBody3,91,,,,,Y,,,,,,,,Y,,,,,,,,,Y,,,
WyvernTail,92,,,,,Y,,,,,,,,Y,,,,,,,,,Y,,,
GiantBat,93,,,,,Y,Y,,,,,,,,,,,,,,,,,,,
Corruptor,94,,,,,Y,,,,,,,,,,,,,,,,,,,,
DiggerHead,95,,,,,Y,,,,,,Y,,,,,,,,,,,,,,
DiggerBody,96,,,,,Y,,,,,,Y,,,,,,,,,,,,,,
DiggerTail,97,,,,,Y,,,,,,Y,,,,,,,,,,,,,,
SeekerHead,98,,,,,Y,,,,,,Y,,,,,,,,,,,,,,
SeekerBody,99,,,,,Y,,,,,,Y,,,,,,,,,,,,,,
SeekerTail,100,,,,,Y,,,,,,Y,,,,,,,,,,,,,,
Clinger,101,,,,,Y,,,,,,,,,,,,,Y,,,,,,,
AnglerFish,102,,,,,Y,,,,,,,,,,,,,,,Y,,,,,
GreenJellyfish,103,,,,,Y,,,,,,,,,,,,,,,Y,,,,,
Werewolf,104,,,Y,,,,,,,,,Y,,,,,,,,,,,,,
BoundGoblin,105,,Y,Y,,,,,,,,,,,,,,,,,,,,,,
BoundWizard,106,,Y,Y,,,,,,,,,,,,,,,,,,,,,,
GoblinTinkerer,107,,Y,Y,,,,,,,,,,,,,,,,,,,,,,
Wizard,108,,Y,Y,,,,,,,,,,,,,,,,,,,,,,
Clown,109,,,Y,,,,,,,Y,,,,,,,,,,,,,,,
SkeletonArcher,110,,,,,Y,,,,Y,,,,,,,,,,,,,,,,
GoblinArcher,111,,,Y,,,,,,,,,,,,,,,,,,,,,,
VileSpit,112,,,,,Y,,,,,,,,,,,,,,,,,,,Y,
WallofFlesh,113,,,,,Y,,,,,,,,,,,,,,,,,,,,Y
WallofFleshEye,114,,,,,Y,,,,,,,,,,Y,,,,,,,,,,Y
TheHungry,115,,,,,Y,,,,,,,,,,Y,,,,,,,,,,Y
TheHungryII,116,,,,,Y,,,,,,,,,,Y,,,,,,,,,,Y
LeechHead,117,,,,,Y,,,,,,Y,,,,,,,,,,,,,,
LeechBody,118,,,,,Y,,,,,,Y,,,,,,,,,,,,,,
LeechTail,119,,,,,Y,,,,,,Y,,,,,,,,,,,,,,
ChaosElemental,120,,,,,Y,,,,,,,,,,,,Y,,,,,,,,
Slimer,121,,,,,Y,,,,,,,,,,,Y,,,,,,,,,
Gastropod,122,,,,,Y,,,,,,,,,,Y,,,,,,,,,,
BoundMechanic,123,,Y,,Y,,,,,,,,,,,,,,,,,,,,,
Mechanic,124,,Y,,Y,,,,,,,,,,,,,,,,,,,,,
Retinazer,125,,,,,Y,,,,,,,,,,Y,,Y,,,,,,,,Y
Spazmatism,126,,,,,Y,,,,,,,,,,Y,,Y,,,,,,,,Y
SkeletronPrime,127,,,,,Y,,,,,,,,,,,,Y,,,,,,,,Y
PrimeCannon,128,,,,,Y,,,,,,,,,,,,Y,,,,,,,,Y
PrimeSaw,129,,,,,Y,,,,,,,,,,,,Y,,,,,,,,Y
PrimeVice,130,,,,,Y,,,,,,,,,,,,Y,,,,,,,,Y
PrimeLaser,131,,,,,Y,,,,,,,,,,,,Y,,,,,,,,Y
BaldZombie,132,,,Y,,,,,Y,,,,,,,,,,,,,,,,,
WanderingEye,133,,,,,Y,,,,,,,,,,Y,,,,,,,,,,
TheDestroyer,134,,,,,Y,,,,,,,,,,,,Y,,,,,,,,Y
TheDestroyerBody,135,,,,,Y,,,,,,,,,,,,Y,,,,,,,,Y
TheDestroyerTail,136,,,,,Y,,,,,,,,,,,,Y,,,,,,,,Y
IlluminantBat,137,,,,,Y,Y,,,,,,,,,,,,,,,,,,,
IlluminantSlime,138,,,,,Y,,,,,,,,,,,Y,,,,,,,,,
Probe,139,,,,,Y,,,,,,,,,,,,Y,,,,,,,,Y
PossessedArmor,140,,,,,Y,,,,,Y,,,,,,,,,,,,,,,
ToxicSludge,141,,,,,Y,,,,,,,,,,,Y,,,,,,,,,
SantaClaus,142,,Y,Y,,,,,,,,,,,,,,,,,,,,,,
SnowmanGangsta,143,,,,,Y,,,,,,,,,,,,Y,,,,,,,,
MisterStabby,144,,,,,Y,,,,,,,,,,,,Y,,,,,,,,
SnowBalla,145,,,,,Y,,,,,,,,,,,,Y,,,,,,,,
,146,,,,,,,,,,,,,,,,,,,,,,,,,
IceSlime,147,,,,,Y,,,,,,,,,,,Y,,,,,,,,,
Penguin,148,,,,,Y,,,,,,,,,,,,,,Y,,,,,,
PenguinBlack,149,,,,,Y,,,,,,,,,,,,,,Y,,,,,,
IceBat,150,,,,,Y,Y,,,,,,,,,,,,,,,,,,,
Lavabat,151,,,,,Y,Y,,,,,,,,,,,,,,,,,,,
GiantFlyingFox,152,,,,,Y,,,,,,,Y,,,,,,,,,,Y,,,
GiantTortoise,153,,,,,Y,,,,,,,,Y,,,,,,,,,,,,
IceTortoise,154,,,,,Y,,,,,,,,Y,,,,,,,,,,,,
Wolf,155,,,,,Y,,,,,,,Y,,,,,,,,,,,,,
RedDevil,156,,,Y,,,,,,,,,,,,,,,,,,,,,,
Arapaima,157,,,,,Y,,,,,,,,,,,,,,,Y,,,,,
VampireBat,158,,,,,Y,Y,,,,,,,,,,,,,,,,,,,
Vampire,159,,,Y,,,,,,,Y,,,,,,,,,,,,,,,
Truffle,160,,Y,Y,,,,,,,,,,,,,,,,,,,,,,
ZombieEskimo,161,,,Y,,,,,Y,,,,,,,,,,,,,,,,,
Frankenstein,162,,,Y,,,,,Y,,,,,,,,,,,,,,,,,
BlackRecluse,163,,,,,Y,,,,,,,,,Y,,,,,,,Y,,,,
WallCreeper,164,,,,,Y,,,,,,,,,Y,,,,,,,Y,,,,
WallCreeperWall,165,,,,,Y,,,,,,,,,Y,,,,,,,Y,,,,
SwampThing,166,,,,,Y,,,,,Y,,,,,,,,,,,,,,,
UndeadViking,167,,,Y,,,,,,,Y,,,,,,,,,,,,,,,
CorruptPenguin,168,,,,,Y,,,,,,,Y,,,,,,,,,,,,,
IceElemental,169,,,,,Y,,,,,,,,,,,,Y,,,,,,,,
PigronCorruption,170,,,,,Y,,,,,,,Y,,,,,,,,,,,,,
PigronHallow,171,,,,,Y,,,,,,,Y,,,,,,,,,,,,,
RuneWizard,172,,,Y,,,,,,,Y,,,,,,,,,,,,,,,
Crimera,173,,,,,Y,,,,,,,,,,,,,,,,,,,,
Herpling,174,,,,,Y,,,,,,,,,,,Y,,,,,,,,,
AngryTrapper,175,,,,,Y,,,,,,,,,,,,,Y,,,,,,,
MossHornet,176,,,,,Y,,Y,,,,,,,,,,,,,,,,,,
Derpling,177,,,,,Y,,,,,,,,,,,,,,,,Y,,,,
Steampunker,178,,Y,,Y,,,,,,,,,,,,,,,,,,,,,
CrimsonAxe,179,,,,,Y,,,,,,,,,,,,Y,,,,,,,,
PigronCrimson ,180,,,,,Y,,,,,,,Y,,,,,,,,,,,,,
FaceMonster,181,,,,,Y,,,,,,,,,,,,,,,,,,,,
FloatyGross,182,,,,,Y,,,,,,,,,,,,,,,,,,,,
Crimslime,183,,,,,Y,,,,,,,,,,,Y,,,,,,,,,
SpikedIceSlime,184,,,,,Y,,,,,,,,,,,Y,,,,,,,,,
SnowFlinx,185,,,,,Y,,,,,,,Y,,,,,,,,,,,,,
PincushionZombie,186,,,,,Y,,,Y,,,,,,,,,,,,,,,,,
SlimedZombie,187,,,,,Y,,,Y,,,,,,,,,,,,,,,,,
SwampZombie,188,,,,,Y,,,Y,,,,,,,,,,,,,,,,,
TwiggyZombie,189,,,,,Y,,,Y,,,,,,,,,,,,,,,,,
CataractEye,190,,,,,Y,,,,,,,,,,Y,,,,,,,,,,
SleepyEye,191,,,,,Y,,,,,,,,,,Y,,,,,,,,,,
DialatedEye,192,,,,,Y,,,,,,,,,,Y,,,,,,,,,,
GreenEye,193,,,,,Y,,,,,,,,,,Y,,,,,,,,,,
PurpleEye,194,,,,,Y,,,,,,,,,,Y,,,,,,,,,,
LostGirl,195,,,,Y,,,,,,,,,,,,,,,,,,,,,
Nymph,196,,,,Y,,,,,,,,,,,,,,,,,,,,,
ArmoredViking,197,,,Y,,,,,,,Y,,,,,,,,,,,,,,,
Lihzahrd,198,,,,,Y,,,,,,,,Y,,,,,,,,,,,,
LihzahrdCrawler,199,,,,,Y,,,,,,,,Y,,,,,,,,,,,,
FemaleZombie,200,,,,Y,,,,Y,,,,,,,,,,,,,,,,,
HeadacheSkeleton,201,,,,,Y,,,,Y,,,,,,,,,,,,,,,,
MisassembledSkeleton,202,,,,,Y,,,,Y,,,,,,,,,,,,,,,,
PantlessSkeleton,203,,,,,Y,,,,Y,,,,,,,,,,,,,,,,
SpikedJungleSlime,204,,,,,Y,,,,,,,,,,,Y,,,,,,,,,
Moth,205,,,,,Y,,,,,,,,,,,,,,,,Y,,,,
IcyMerman,206,,,Y,,,,,,,,,,,,,,,,,Y,,,,,
DyeTrader,207,,Y,Y,,,,,,,,,,,,,,,,,,,,,,
PartyGirl,208,,Y,,Y,,,,,,,,,,,,,,,,,,,,,
Cyborg,209,,Y,Y,,,,,,,,,,,,,,,,,,,,,,
Bee,210,,,,,Y,,Y,,,,,,,,,,,,,,,,,,
BeeSmall,211,,,,,Y,,Y,,,,,,,,,,,,,,,,,,
PirateDeckhand,212,,,Y,,,,,,,,,,,,,,,,,,,,,,
PirateCorsair,213,,,Y,,,,,,,,,,,,,,,,,,,,,,
PirateDeadeye,214,,,Y,,,,,,,,,,,,,,,,,,,,,,
PirateCrossbower,215,,,,Y,,,,,,,,,,,,,,,,,,,,,
PirateCaptain,216,,,Y,,,,,,,,,,,,,,,,,,,,,,
CochinealBeetle ,217,,,,,Y,,,,,,,,,,,,,,,,Y,,,,
CyanBeetle,218,,,,,Y,,,,,,,,,,,,,,,,Y,,,,
LacBeetle,219,,,,,Y,,,,,,,,,,,,,,,,Y,,,,
SeaSnail,220,,,,,Y,,,,,,,,,,,,,,,Y,Y,,,,
Squid,221,,,,,Y,,,,,,,,,,,,,,,Y,,,,,
QueenBee,222,,,,Y,,,Y,,,,,,,,,,,,,,,Y,,,Y
ZombieRaincoat,223,,,Y,,,,,Y,,,,,,,,,,,,,,,,,
FlyingFish,224,,,,,Y,,,,,,,,,,,,,,,Y,,Y,,,
UmbrellaSlime,225,,,,,Y,,,,,,,,,,,Y,,,,,,,,,
FlyingSnake,226,,,,,Y,,,,,,,,Y,,,,,,,,,Y,,,
Painter,227,,Y,Y,,,,,,,,,,,,,,,,,,,,,,
WitchDoctor,228,,Y,Y,,,,,,,,,,,,,,,,,,,,,,
Pirate,229,,Y,Y,,,,,,,,,,,,,,,,,,,,,,
GoldfishWalker,230,,,,,Y,,,,,,,,,,,,,,Y,Y,,,,,
HornetFatty,231,,,,,Y,,Y,,,,,,,,,,,,,,,,,,
HornetHoney,232,,,,,Y,,Y,,,,,,,,,,,,,,,,,,
HornetLeafy,233,,,,,Y,,Y,,,,,,,,,,,,,,,,,,
HornetSpikey,234,,,,,Y,,Y,,,,,,,,,,,,,,,,,,
HornetStingy,235,,,,,Y,,Y,,,,,,,,,,,,,,,,,,
JungleCreeper,236,,,,,Y,,,,,,,,,Y,,,,,,,Y,,,,
JungleCreeperWall,237,,,,,Y,,,,,,,,,Y,,,,,,,Y,,,,
BlackRecluseWall,238,,,,,Y,,,,,,,,,Y,,,,,,,Y,,,,
BloodCrawler,239,,,,,Y,,,,,,,,,Y,,,,,,,Y,,,,
BloodCrawlerWall,240,,,,,Y,,,,,,,,,Y,,,,,,,Y,,,,
BloodFeeder,241,,,,,Y,,,,,,,,,,,,,,,Y,,,,,
BloodJelly,242,,,,,Y,,,,,,,,,,,,,,,Y,,,,,
IceGolem,243,,,,,Y,,,,,,,,,,,,Y,,,,,,,,
RainbowSlime,244,,,,,Y,,,,,,,,,,,Y,,,,,,,,,
Golem,245,,,,,Y,,,,,,,,,,,,Y,,,,,,,,Y
GolemHead,246,,,,,Y,,,,,,,,,,,,Y,,,,,,,,Y
GolemFistLeft,247,,,,,Y,,,,,,,,,,,,Y,,,,,,,,Y
GolemFistRight,248,,,,,Y,,,,,,,,,,,,Y,,,,,,,,Y
GolemHeadFree,249,,,,,Y,,,,,,,,,,,,Y,,,,,,,,Y
AngryNimbus,250,,,,,Y,,,,,,,,,,,,Y,,,,,,,,
Eyezor,251,,,,,Y,,,,,,,,,,Y,,,,,,,,,,
Parrot,252,,,,,Y,,,,,,,,,,,,,,,,,Y,,,
Reaper,253,,,,,Y,,,,,Y,,,,,,,,,,,,,,,
ZombieMushroom,254,,,,,Y,,,Y,,,,,,,,,,,,,,,,,
ZombieMushroomHat,255,,,,,Y,,,Y,,,,,,,,,,,,,,,,,
FungoFish,256,,,,,Y,,,,,,,,,,,,,,,Y,,,,,
AnomuraFungus,257,,,,,Y,,,,,,,,,,,,,Y,,,,,,,
MushiLadybug,258,,,,,Y,,,,,,,,,,,,,,,,Y,,,,
FungiBulb,259,,,,,Y,,,,,,,,,,,,,Y,,,,,,,
GiantFungiBulb,260,,,,,Y,,,,,,,,,,,,,Y,,,,,,,
FungiSpore,261,,,,,Y,,,,,,,,,,,,,Y,,,,,,Y,
Plantera,262,,,,,Y,,,,,,,,,,,,,Y,,,,,,,Y
PlanterasHook,263,,,,,Y,,,,,,,,,,,,,Y,,,,,,,Y
PlanterasTentacle,264,,,,,Y,,,,,,,,,,,,,Y,,,,,,,Y
Spore,265,,,,,Y,,,,,,,,,,,,,Y,,,,,,Y,Y
BrainofCthulhu,266,,,,,Y,,,,,,,,,,,,,,,,,,,,Y
Creeper,267,,,,,Y,,,,,,,,,,Y,,,,,,,,,,Y
IchorSticker,268,,,,,Y,,,,,,,,,,,,,,,,Y,,,,
RustyArmoredBonesAxe,269,,,,,Y,,,,Y,,,,,,,,,,,,,,,,
RustyArmoredBonesFlail,270,,,,,Y,,,,Y,,,,,,,,,,,,,,,,
RustyArmoredBonesSword,271,,,,,Y,,,,Y,,,,,,,,,,,,,,,,
RustyArmoredBonesSwordNoArmor,272,,,,,Y,,,,Y,,,,,,,,,,,,,,,,
BlueArmoredBones,273,,,,,Y,,,,Y,,,,,,,,,,,,,,,,
BlueArmoredBonesMace,274,,,,,Y,,,,Y,,,,,,,,,,,,,,,,
BlueArmoredBonesNoPants,275,,,,,Y,,,,Y,,,,,,,,,,,,,,,,
BlueArmoredBonesSword,276,,,,,Y,,,,Y,,,,,,,,,,,,,,,,
HellArmoredBones,277,,,,,Y,,,,Y,,,,,,,,,,,,,,,,
HellArmoredBonesSpikeShield,278,,,,,Y,,,,Y,,,,,,,,,,,,,,,,
HellArmoredBonesMace,279,,,,,Y,,,,Y,,,,,,,,,,,,,,,,
HellArmoredBonesSword,280,,,,,Y,,,,Y,,,,,,,,,,,,,,,,
RaggedCaster,281,,,,,Y,,,,,Y,,,,,,,,,,,,,,,
RaggedCasterOpenCoat,282,,,,,Y,,,,,Y,,,,,,,,,,,,,,,
Necromancer,283,,,,,Y,,,,,Y,,,,,,,,,,,,,,,
NecromancerArmored,284,,,,,Y,,,,,Y,,,,,,,,,,,,,,,
DiabolistRed,285,,,,,Y,,,,,Y,,,,,,,,,,,,,,,
DiabolistWhite,286,,,,,Y,,,,,Y,,,,,,,,,,,,,,,
BoneLee,287,,,,,Y,,,,Y,,,,,,,,,,,,,,,,
DungeonSpirit,288,,,,,Y,,,,,Y,,,,,,,,,,,,,,,
GiantCursedSkull,289,,,,,Y,,,,Y,,,,,,,,,,,,,,,,
Paladin,290,,,Y,,,,,,,,,,,,,,,,,,,,,,
SkeletonSniper,291,,,,,Y,,,,Y,,,,,,,,,,,,,,,,
TacticalSkeleton,292,,,,,Y,,,,Y,,,,,,,,,,,,,,,,
SkeletonCommando,293,,,,,Y,,,,Y,,,,,,,,,,,,,,,,
AngryBonesBig,294,,,,,Y,,,,Y,,,,,,,,,,,,,,,,
AngryBonesBigMuscle,295,,,,,Y,,,,Y,,,,,,,,,,,,,,,,
AngryBonesBigHelmet,296,,,,,Y,,,,Y,,,,,,,,,,,,,,,,
BirdBlue,297,,,,,Y,,,,,,,,,,,,,,Y,,,,,,
BirdRed,298,,,,,Y,,,,,,,,,,,,,,Y,,,,,,
Squirrel,299,,,,,Y,,,,,,,,,,,,,,Y,,,,,,
Mouse,300,,,,,Y,,,,,,,,,,,,,,Y,,,,,,
Raven,301,,,,,Y,,,,,,,,,,,,,,Y,,,,,,
SlimeMasked,302,,,,,Y,,,,,,,,,,,Y,,,,,,,,,
BunnySlimed,303,,,,,Y,,,,,,,,,,,Y,,,,,,,,,
HoppinJack,304,,,,,Y,,,,,,,,,,,Y,,Y,,,,,,,
Scarecrow1,305,,,,,Y,,,,,,,,,,,,Y,,,,,,,,
Scarecrow2,306,,,,,Y,,,,,,,,,,,,Y,,,,,,,,
Scarecrow3,307,,,,,Y,,,,,,,,,,,,Y,,,,,,,,
Scarecrow4,308,,,,,Y,,,,,,,,,,,,Y,,,,,,,,
Scarecrow5,309,,,,,Y,,,,,,,,,,,,Y,,,,,,,,
Scarecrow6,310,,,,,Y,,,,,,,,,,,,Y,,,,,,,,
Scarecrow7,311,,,,,Y,,,,,,,,,,,,Y,,,,,,,,
Scarecrow8,312,,,,,Y,,,,,,,,,,,,Y,,,,,,,,
Scarecrow9,313,,,,,Y,,,,,,,,,,,,Y,,,,,,,,
Scarecrow10,314,,,,,Y,,,,,,,,,,,,Y,,,,,,,,
HeadlessHorseman,315,,,Y,,,,,,,Y,,,,,,,,,,,,,,,
Ghost,316,,,,,Y,,,,,Y,,,,,,,,,,,,,,,
DemonEyeOwl,317,,,,,Y,,,,,,,,,,Y,,,,,,,,,,
DemonEyeSpaceship,318,,,,,Y,,,,,,,,,,Y,,,,,,,,,,
ZombieDoctor,319,,,Y,,,,,Y,,,,,,,,,,,,,,,,,
ZombieSuperman,320,,,Y,,,,,Y,,,,,,,,,,,,,,,,,
ZombiePixie,321,,,Y,,,,,Y,,,,,,,,,,,,,,,,,
SkeletonTopHat,322,,,Y,,,,,,Y,,,,,,,,,,,,,,,,
SkeletonAstonaut ,323,,,Y,,,,,,Y,,,,,,,,,,,,,,,,
SkeletonAlien,324,,,Y,,,,,,Y,,,,,,,,,,,,,,,,
MourningWood,325,,,,,Y,,,,,,,,,,,,,Y,,,,,,,Y
Splinterling,326,,,,,Y,,,,,,,,,,,,,Y,,,,,,,Y
Pumpking,327,,,,,Y,,,,,,,,,,,,,Y,,,,,,,Y
PumpkingBlade,328,,,,,Y,,,,,,,,,,,,,Y,,,,,,,Y
Hellhound,329,,,,,Y,,,,,,,Y,,,,,,,,,,,,,
Poltergeist,330,,,,,Y,,,,,Y,,,,,,,,,,,,,,,
ZombieXmas,331,,,,Y,,,,Y,,,,,,,,,,,,,,,,,
ZombieSweater,332,,,Y,,,,,Y,,,,,,,,,,,,,,,,,
SlimeRibbonWhite,333,,,,,Y,,,,,,,,,,,Y,,,,,,,,,
SlimeRibbonYellow,334,,,,,Y,,,,,,,,,,,Y,,,,,,,,,
SlimeRibbonGreen,335,,,,,Y,,,,,,,,,,,Y,,,,,,,,,
SlimeRibbonRed,336,,,,,Y,,,,,,,,,,,Y,,,,,,,,,
BunnyXmas,337,,,,,Y,,,,,,,,,,,,,,Y,,,,,,
ZombieElf,338,,,Y,,,,,Y,,,,,,,,,,,,,,,,,
ZombieElfBeard,339,,,Y,,,,,Y,,,,,,,,,,,,,,,,,
ZombieElfGirl,340,,,,Y,,,,Y,,,,,,,,,,,,,,,,,
PresentMimic,341,,,,,Y,,,,,,,,,,,,,,,,,,Y,,
GingerbreadMan,342,,,,,Y,,,,,,,,,,,,Y,,,,,,,,
Yeti,343,,,,,Y,,,,,,,Y,,,,,,,,,,,,,
Everscream,344,,,,,Y,,,,,,,,,,,,,Y,,,,,,,Y
IceQueen,345,,,,Y,,,,,,,,,,,,,Y,,,,,,,,Y
SantaNK1,346,,,,,Y,,,,,,,,,,,,Y,,,,,,,,Y
ElfCopter,347,,,,,Y,,,,,,,,,,,,Y,,,,,,,,
Nutcracker,348,,,,,Y,,,,,,,,,,,,Y,,,,,,,,
NutcrackerSpinning,349,,,,,Y,,,,,,,,,,,,Y,,,,,,,,
ElfArcher,350,,,,Y,,,,,,,,,,,,,,,,,,,,,
Krampus,351,,,Y,,,,,,,,,Y,,,,,,,,,,,,,
Flocko,352,,,,,Y,,,,,,,,,,,,Y,,,,,,,,
Stylist,353,,Y,,Y,,,,,,,,,,,,,,,,,,,,,
WebbedStylist,354,,Y,,Y,,,,,,,,,,,,,,,,,,,,,
Firefly,355,,,,,Y,,,,,,,,,,,,,,Y,,,,,,
Butterfly,356,,,,,Y,,,,,,,,,,,,,,Y,,,,,,
Worm,357,,,,,Y,,,,,,,,,,,,,,Y,,,,,,
LightningBug,358,,,,,Y,,,,,,,,,,,,,,Y,,,,,,
Snail,359,,,,,Y,,,,,,,,,,,,,,Y,,,,,,
GlowingSnail,360,,,,,Y,,,,,,,,,,,,,,Y,,,,,,
Frog,361,,,,,Y,,,,,,,,,,,,,,Y,,,,,,
Duck,362,,,,,Y,,,,,,,,,,,,,,Y,,,,,,
Duck2,363,,,,,Y,,,,,,,,,,,,,,Y,,,,,,
DuckWhite,364,,,,,Y,,,,,,,,,,,,,,Y,,,,,,
DuckWhite2,365,,,,,Y,,,,,,,,,,,,,,Y,,,,,,
ScorpionBlack,366,,,,,Y,,,,,,,,,,,,,,Y,,,,,,
Scorpion,367,,,,,Y,,,,,,,,,,,,,,Y,,,,,,
TravellingMerchant,368,,Y,Y,,,,,,,,,,,,,,,,,,,,,,
Angler,369,,,Y,,,,,,,,,,,,,,,,,,,,,,
DukeFishron,370,,,Y,,,,,,,,,,,,,,,,,Y,,Y,,,Y
DetonatingBubble,371,,,,,Y,,,,,,,,,,,,,,,,,,,Y,
Sharkron,372,,,,,Y,,,,,,,,,,,,,,,Y,,Y,,,
Sharkron2,373,,,,,Y,,,,,,,,,,,,,,,Y,,Y,,,
TruffleWorm,374,,,,,Y,,,,,,,,,,,,,,Y,,,,,,
TruffleWormDigger,375,,,,,Y,,,,,,,,,,,,,,Y,,,,,,
SleepingAngler,376,,Y,Y,,,,,,,,,,,,,,,,,,,,,,
Grasshopper,377,,,,,Y,,,,,,,,,,,,,,Y,,,,,,
ChatteringTeethBomb,378,,,,,Y,,,,,,,,,,,,Y,,,,,,,,
CultistArcherBlue,379,,,,,Y,,,,,,,,,,,,,,,,,,,,
CultistArcherWhite,380,,,,,Y,,,,,,,,,,,,,,,,,,,,
BrainScrambler,381,,,,,Y,,,,,,,,,,,,,,,,,,,,
RayGunner,382,,,,,Y,,,,,,,,,,,,,,,,,,,,
MartianOfficer,383,,,,,Y,,,,,,,,,,,,,,,,,,,,
ForceBubble,384,,,,,Y,,,,,,,,,,,,,,,,,,,,
GrayGrunt,385,,,,,Y,,,,,,,,,,,,,,,,,,,,
MartianEngineer,386,,,,,Y,,,,,,,,,,,,,,,,,,,,
MartianTurret,387,,,,,Y,,,,,,,,,,,,Y,,,,,,,,
MartianDrone,388,,,,,Y,,,,,,,,,,,,Y,,,,,,,,
GigaZapper,389,,,,,Y,,,,,,,,,,,,,,,,,,,,
ScutlixRider,390,,,,,Y,,,,,,,,,,,,,,,,,,,,
Scutlix,391,,,,,Y,,,,,,,Y,,,,,,,,,,,,,
MartianSaucer,392,,,,,Y,,,,,,,,,,,,Y,,,,,,,,Y
MartianSaucerTurret,393,,,,,Y,,,,,,,,,,,,Y,,,,,,,,Y
MartianSaucerCannon,394,,,,,Y,,,,,,,,,,,,Y,,,,,,,,Y
MartianSaucerCore,395,,,,,Y,,,,,,,,,,,,Y,,,,,,,,Y
MoonLordHead,396,,,,,Y,,,,,,,,,,,,,,,,,,,,Y
MoonLordHand,397,,,,,Y,,,,,,,,,,,,,,,,,,,,Y
MoonLordCore,398,,,,,Y,,,,,,,,,,,,,,,,,,,,Y
MartianProbe,399,,,,,Y,,,,,,,,,,,,Y,,,,,Y,,,
MoonLordFreeEye,400,,,,,Y,,,,,,,,,,Y,,,,,,,,,,Y
MoonLordLeechBlob,401,,,,,Y,,,,,,,,,,,,,,,,,,,Y,
StardustWormHead,402,,,,,Y,,,,,,Y,,,,,,,,,,,,,,
StardustWormBody,403,,,,,Y,,,,,,Y,,,,,,,,,,,,,,
StardustWormTail,404,,,,,Y,,,,,,Y,,,,,,,,,,,,,,
StardustCellBig,405,,,,,Y,,,,,,,,,,,,,,,,,Y,,,
StardustCellSmall,406,,,,,Y,,,,,,,,,,,,,,,,,Y,,,
StardustJellyfishBig,407,,,,,Y,,,,,,,,,,,,,,,,,Y,,,
,408,,,,,,,,,,,,,,,,,,,,,,,,,
StardustSpiderBig,409,,,,,Y,,,,,,,,,,,,,,,,,Y,,,
StardustSpiderSmall,410,,,,,Y,,,,,,,,,,,,,,,,,,,Y,
StardustSoldier,411,,,,,Y,,,,,,,,,,,,,,,,,,,,
SolarCrawltipedeHead,412,,,,,Y,,,,,,Y,,,,,,,,,,,,,,
SolarCrawltipedeBody,413,,,,,Y,,,,,,Y,,,,,,,,,,,,,,
SolarCrawltipedeTail,414,,,,,Y,,,,,,Y,,,,,,,,,,,,,,
SolarDrakomire,415,,,,,Y,,,,,,,Y,,,,,,,,,,,,,
SolarDrakomireRider,416,,,,,Y,,,,,,,,,,,,,,,,,,,,
SolarSroller,417,,,,,Y,,,,,,,,,,,,Y,,,,,,,,
SolarCorite,418,,,,,Y,,,,,,,,,,,,Y,,,,,,,,
SolarSolenian,419,,,,,Y,,,,,,,,,,,,,,,,,,,,
NebulaBrain,420,,,,,Y,,,,,,,,,,Y,,,,,,,,,,
NebulaHeadcrab,421,,,,,Y,,,,,,,,,,Y,,,,,,,,,,
LunarTowerVortex,422,,,,,Y,,,,,,,,,,,,,,,,,,,,Y
NebulaBeast,423,,,,,Y,,,,,,,Y,,,,,,,,,,,,,
NebulaSoldier,424,,,,,Y,,,,,,,,,,,,,,,,,,,,
VortexRifleman,425,,,,,Y,,,,,,,,,,,,,,,,,,,,
VortexHornetQueen,426,,,,Y,,,Y,,,,,,,,,,,,,,,,,,
VortexHornet,427,,,,,Y,,Y,,,,,,,,,,,,,,,,,,
VortexLarva,428,,,,,Y,,Y,,,,,,,,,,,,,,,,,,
VortexSoldier,429,,,,,Y,,,,,,,,,,,,,,,,,,,,
ArmedZombie,430,,,Y,,,,,Y,,,,,,,,,,,,,,,,,
ArmedZombieEskimo,431,,,Y,,,,,Y,,,,,,,,,,,,,,,,,
ArmedZombiePincussion ,432,,,Y,,,,,Y,,,,,,,,,,,,,,,,,
ArmedZombieSlimed,433,,,Y,,,,,Y,,,,,,,,,,,,,,,,,
ArmedZombieSwamp,434,,,Y,,,,,Y,,,,,,,,,,,,,,,,,
ArmedZombieTwiggy,435,,,Y,,,,,Y,,,,,,,,,,,,,,,,,
ArmedZombieCenx,436,,,,Y,,,,Y,,,,,,,,,,,,,,,,,
CultistTablet,437,,,,,Y,,,,,,,,,,,,Y,,,,,,,,
CultistDevote,438,,,,,Y,,,,,,,,,,,,,,,,,,,,
CultistBoss,439,,,,,Y,,,,,,,,,,,,,,,,,,,,
CultistBossClone,440,,,,,Y,,,,,,,,,,,,,,,,,,,,
TaxCollector,441,,Y,Y,,,,,,,,,,,,,,,,,,,,,,
GoldBird,442,,,,,Y,,,,,,,,,,,,,,Y,,,,,,
GoldBunny,443,,,,,Y,,,,,,,,,,,,,,Y,,,,,,
GoldButterfly,444,,,,,Y,,,,,,,,,,,,,,Y,,,,,,
GoldFrog,445,,,,,Y,,,,,,,,,,,,,,Y,,,,,,
GoldGrasshopper,446,,,,,Y,,,,,,,,,,,,,,Y,,,,,,
GoldMouse,447,,,,,Y,,,,,,,,,,,,,,Y,,,,,,
GoldWorm,448,,,,,Y,,,,,,,,,,,,,,Y,,,,,,
BoneThrowingSkeleton,449,,,,,Y,,,,Y,,,,,,,,,,,,,,,,
BoneThrowingSkeleton2,450,,,,,Y,,,,Y,,,,,,,,,,,,,,,,
BoneThrowingSkeleton3,451,,,,,Y,,,,Y,,,,,,,,,,,,,,,,
BoneThrowingSkeleton4,452,,,,,Y,,,,Y,,,,,,,,,,,,,,,,
SkeletonMerchant,453,,Y,,,Y,,,,Y,,,,,,,,,,,,,,,,
CultistDragonHead,454,,,,,Y,,,,,,,,Y,,,,,,,,,Y,,,
CultistDragonBody1,455,,,,,Y,,,,,,,,Y,,,,,,,,,Y,,,
CultistDragonBody2,456,,,,,Y,,,,,,,,Y,,,,,,,,,Y,,,
CultistDragonBody3,457,,,,,Y,,,,,,,,Y,,,,,,,,,Y,,,
CultistDragonBody4,458,,,,,Y,,,,,,,,Y,,,,,,,,,Y,,,
CultistDragonTail,459,,,,,Y,,,,,,,,Y,,,,,,,,,Y,,,
Butcher,460,,,Y,,,,,,,Y,,,,,,,,,,,,,,,
CreatureFromTheDeep,461,,,,,Y,,,,,Y,,,,,,,,,,,,,,,
Fritz,462,,,Y,,,,,,,Y,,,,,,,,,,,,,,,
Nailhead ,463,,,Y,,,,,,,Y,,,,,,,,,,,,,,,
CrimsonBunny,464,,,,,Y,,,,,,,Y,,,,,,,,,,,,,
CrimsonGoldfish,465,,,,,Y,,,,,,,Y,,,,,,,,,,,,,
Psycho,466,,,Y,,,,,,,Y,,,,,,,,,,,,,,,
DeadlySphere,467,,,,,Y,,,,,,,,,,,,Y,,,,,,,Y,
DrManFly,468,,,Y,,,,,,,Y,,,,,,,,,,,,,,,
ThePossessed,469,,,,Y,,,,,,Y,,,,,,,,,,,,,,,
CrimsonPenguin,470,,,,,Y,,,,,,,Y,,,,,,,,,,,,,
GoblinSummoner,471,,,,Y,,,,,,,,,,,,,,,,,,,,,
ShadowFlameApparition,472,,,,,Y,,,,,,,,,,,,,,,,,,,Y,
BigMimicCorruption,473,,,,,Y,,,,,,,,,,,,,,,,,,Y,,
BigMimicCrimson,474,,,,,Y,,,,,,,,,,,,,,,,,,Y,,
BigMimicHallow,475,,,,,Y,,,,,,,,,,,,,,,,,,Y,,
BigMimicJungle,476,,,,,Y,,,,,,,,,,,,,,,,,,Y,,
Mothron,477,,,,,Y,,,,,,,,,,,,,,,,Y,Y,,,Y
MothronEgg,478,,,,,Y,,,,,,,,,,,,,,,,Y,,,,
MothronSpawn,479,,,,,Y,,,,,,,,,,,,,,,,Y,Y,,,
Medusa,480,,,,Y,,,,,,,,Y,,,,,,,,,,,,,
GreekSkeleton,481,,,,,Y,,,,Y,,,,,,,,,,,,,,,,
GraniteGolem,482,,,,,Y,,,,,,,,,,,,Y,,,,,,,,
GraniteFlyer,483,,,,,Y,,,,,,,,,,,,Y,,,,,,,,
EnchantedNightcrawler,484,,,,,Y,,,,,,,,,,,,,,Y,,,,,,
Grubby,485,,,,,Y,,,,,,,,,,,,,,Y,,,,,,
Sluggy,486,,,,,Y,,,,,,,,,,,,,,Y,,,,,,
Buggy,487,,,,,Y,,,,,,,,,,,,,,Y,,,,,,
TargetDummy,488,,,,,Y,,,,,,,,,,,,Y,,,,,,,,
BloodZombie,489,,,Y,,,,,Y,,,,,,,,,,,,,,,,,
Drippler,490,,,,,Y,,,,,,,,,,Y,,,,,,,,,,
PirateShip,491,,,,,Y,,,,,,,,,,,,Y,,,,,,,,
PirateShipCannon,492,,,,,Y,,,,,,,,,,,,Y,,,,,,,,
LunarTowerStardust,493,,,,,Y,,,,,,,,,,,,,,,,,,,,Y
Crawdad,494,,,,,Y,,,,,,,,,,,,,,,,Y,,,,
Crawdad2,495,,,,,Y,,,,,,,,,,,,,,,,Y,,,,
GiantShelly,496,,,,,Y,,,,,,,,,,,,,,,,Y,,,,
GiantShelly2,497,,,,,Y,,,,,,,,,,,,,,,,Y,,,,
Salamander,498,,,,,Y,,,,,,,,Y,,,,,,,,,,,,
Salamander2,499,,,,,Y,,,,,,,,Y,,,,,,,,,,,,
Salamander3,500,,,,,Y,,,,,,,,Y,,,,,,,,,,,,
Salamander4,501,,,,,Y,,,,,,,,Y,,,,,,,,,,,,
Salamander5,502,,,,,Y,,,,,,,,Y,,,,,,,,,,,,
Salamander6,503,,,,,Y,,,,,,,,Y,,,,,,,,,,,,
Salamander7,504,,,,,Y,,,,,,,,Y,,,,,,,,,,,,
Salamander8,505,,,,,Y,,,,,,,,Y,,,,,,,,,,,,
Salamander9,506,,,,,Y,,,,,,,,Y,,,,,,,,,,,,
LunarTowerNebula,507,,,,,Y,,,,,,,,,,,,,,,,,,,,Y
WalkingAntlion,508,,,,,Y,,,,,,,,,,,,,,,,Y,,,,
FlyingAntlion,509,,,,,Y,,,,,,,,,,,,,,,,Y,Y,,,
DuneSplicerHead,510,,,,,Y,,,,,,Y,,,,,,,,,,,,,,
DuneSplicerBody,511,,,,,Y,,,,,,Y,,,,,,,,,,,,,,
DuneSplicerTail,512,,,,,Y,,,,,,Y,,,,,,,,,,,,,,
TombCrawlerHead,513,,,,,Y,,,,,,Y,,,,,,,,,,,,,,
TombCrawlerBody,514,,,,,Y,,,,,,Y,,,,,,,,,,,,,,
TombCrawlerTail,515,,,,,Y,,,,,,Y,,,,,,,,,,,,,,
SolarFlare,516,,,,,Y,,,,,,,,,,,,,,,,,,,Y,
LunarTowerSolar,517,,,,,Y,,,,,,,,,,,,,,,,,,,,Y
SolarSpearman,518,,,Y,,,,,,,,,,,,,,,,,,,,,,
SolarGoop,519,,,,,Y,,,,,,,,,,,,,,,,,,,Y,
MartianWalker,520,,,,,Y,,,,,,,,,,,,Y,,,,,,,,
AncientCultistSquidhead,521,,,,,Y,,,,,,,,,,,,Y,,,,,,,,
AncientLight,522,,,,,Y,,,,,,,,,,,,,,,,,,,Y,
AncientDoom,523,,,,,Y,,,,,,,,,,,,,,,,,,,Y,
DesertGhoul,524,,,,,Y,,,,,Y,,,,,,,,,,,,,,,
DesertGhoulCorruption,525,,,,,Y,,,,,Y,,,,,,,,,,,,,,,
DesertGhoulCrimson,526,,,,,Y,,,,,Y,,,,,,,,,,,,,,,
DesertGhoulHallow,527,,,,,Y,,,,,Y,,,,,,,,,,,,,,,
DesertLamiaLight,528,,,,Y,,,,,,,,,Y,,,,,,,,,,,,
DesertLamiaDark,529,,,,Y,,,,,,,,,Y,,,,,,,,,,,,
DesertScorpionWalk,530,,,,,Y,,,,,,,,,,,,,,,,Y,,,,
DesertScorpionWall ,531,,,,,Y,,,,,,,,,,,,,,,,Y,,,,
DesertBeast,532,,,,,Y,,,,,,,Y,,,,,,,,,,,,,
DesertDjinn,533,,,Y,,,,,,,,,,,,,,,,,,,,,,
DemonTaxCollector,534,,,Y,,,,,,,Y,,,,,,,,,,,,,,,
SlimeSpiked,535,,,,,Y,,,,,,,,,,,Y,,,,,,,,,
TheBride,536,,,,Y,,,,Y,,,,,,,,,,,,,,,,,
SandSlime,537,,,,,Y,,,,,,,,,,,Y,,,,,,,,,
SquirrelRed,538,,,,,Y,,,,,,,,,,,,,,Y,,,,,,
SquirrelGold,539,,,,,Y,,,,,,,,,,,,,,Y,,,,,,
PartyBunny,540,,,,,Y,,,,,,,,,,,,,,Y,,,,,,
SandElemental,541,,,,Y,,,,,,,,,,,,,Y,,,,,,,,
SandShark,542,,,,,Y,,,,,,,,,,,,,,,Y,,,,,
SandsharkCorrupt,543,,,,,Y,,,,,,,,,,,,,,,Y,,,,,
SandsharkCrimson,544,,,,,Y,,,,,,,,,,,,,,,Y,,,,,
SandsharkHallow,545,,,,,Y,,,,,,,,,,,,,,,Y,,,,,
Tumbleweed,546,,,,,Y,,,,,,,,,,,,Y,,,,,,,,
,547,,,,,,,,,,,,,,,,,,,,,,,,,
DD2EterniaCrystal,548,,,,,Y,,,,,,,,,,,,Y,,,,,,,,
DD2LanePortal,549,,,,,Y,,,,,,,,,,,,Y,,,,,,,,
DD2Bartender,550,,,,,Y,,,,,,,,,,,,,,,,,,,,
DD2Betsy,551,,,,Y,,,,,,,,Y,Y,,,,,,,,,Y,,,
DD2GoblinT1,552,,,Y,,,,,,,,,,,,,,,,,,,,,,
DD2GoblinT2,553,,,Y,,,,,,,,,,,,,,,,,,,,,,
DD2GoblinT3,554,,,Y,,,,,,,,,,,,,,,,,,,,,,
DD2GoblinBomberT1,555,,,Y,,,,,,,,,,,,,,,,,,,,,,
DD2GoblinBomberT2,556,,,Y,,,,,,,,,,,,,,,,,,,,,,
DD2GoblinBomberT3,557,,,Y,,,,,,,,,,,,,,,,,,,,,,
DD2WyvernT1,558,,,,,Y,,,,,,,,Y,,,,,,,,,Y,,,
DD2WyvernT2,559,,,,,Y,,,,,,,,Y,,,,,,,,,Y,,,
DD2WyvernT3,560,,,,,Y,,,,,,,,Y,,,,,,,,,Y,,,
DD2JavelinstT1,561,,,,,Y,,,,,,,,,,,,,,,,,,,,
DD2JavelinstT2,562,,,,,Y,,,,,,,,,,,,,,,,,,,,
DD2JavelinstT3,563,,,,,Y,,,,,,,,,,,,,,,,,,,,
DD2DarkMageT1,564,,,,,Y,,,,,,,,,,,,,,,,,,,,
DD2DarkMageT3,565,,,,,Y,,,,,,,,,,,,,,,,,,,,
DD2SkeletonT1,566,,,,,Y,,,,Y,,,,,,,,,,,,,,,,
DD2SkeletonT3,567,,,,,Y,,,,Y,,,,,,,,,,,,,,,,
DD2WitherBeastT2,568,,,,,Y,,,,,,,Y,,,,,,,,,,,,,
DD2WitherBeastT3,569,,,,,Y,,,,,,,Y,,,,,,,,,,,,,
DD2DrakinT2,570,,,,,Y,,,,,,,,Y,,,,,,,,,,,,
DD2DrakinT3,571,,,,,Y,,,,,,,,Y,,,,,,,,,,,,
DD2KoboldWalkerT2,572,,,,,Y,,,,,,,,,,,,,,,,,,,,
DD2KoboldWalkerT3,573,,,,,Y,,,,,,,,,,,,,,,,,,,,
DD2KoboldFlyerT2,574,,,,,Y,,,,,,,,,,,,,,,,,Y,,,
DD2KoboldFlyerT3,575,,,,,Y,,,,,,,,,,,,,,,,,Y,,,
DD2OgreT2,576,,,Y,,,,,,,,,Y,,,,,,,,,,,,,
DD2OgreT3,577,,,Y,,,,,,,,,Y,,,,,,,,,,,,,
DD2LightningBugT3,578,,,,,Y,,,,,,,,,,,,,,,,Y,Y,,,
BartenderUnconscious,579,,Y,Y,,,,,,,,,,,,,,,,,,,,,,
WalkingAntlion,580,,,,,Y,,,,,,,,,,,,,,,,Y,,,,
FlyingAntlion,581,,,,,Y,,,,,,,,,,,,,,,,Y,Y,,,
LarvaeAntlion,582,,,,,Y,,,,,,,,,,,,,,,,Y,,,,
FairyCritterPink,583,,,,,Y,Y,,,,,,,,,,,,,,,,,,,
FairyCritterBlue,584,,,,,Y,Y,,,,,,,,,,,,,,,,,,,
FairyCritterGreen,585,,,,,Y,Y,,,,,,,,,,,,,,,,,,,
ZombieMerman,586,,,Y,,,,,Y,,,,,,,,,,,,Y,,,,,
EyeballFlyingFish,587,,,,,Y,,,,,,,,,,Y,,,,,,,Y,,,
Golfer,588,,Y,Y,,,,,,,,,,,,,,,,,,,,,,
GolferRescue,589,,Y,Y,,,,,,,,,,,,,,,,,,,,,,
TorchZombie,590,,,Y,,,,,Y,,,,,,,,,,,,,,,,,
ArmedTorchZombie,591,,,Y,,,,,Y,,,,,,,,,,,,,,,,,
GoldGoldfish,592,,,,,Y,,,,,,,,,,,,,,,Y,,,,,
GoldGoldfishWalker,593,,,,,Y,,,,,,,,,,,,,,,Y,,,,,
WindyBalloon,594,,,,,Y,,,,,,,,,,,,Y,,,,,,,,
Black Dragonfly,595,,,,,Y,,,,,,,,,,,,,,Y,,,,,,
Blue Dragonfly,596,,,,,Y,,,,,,,,,,,,,,Y,,,,,,
Green Dragonfly,597,,,,,Y,,,,,,,,,,,,,,Y,,,,,,
Orange Dragonfly,598,,,,,Y,,,,,,,,,,,,,,Y,,,,,,
Red Dragonfly,599,,,,,Y,,,,,,,,,,,,,,Y,,,,,,
Yellow Dragonfly,600,,,,,Y,,,,,,,,,,,,,,Y,,,,,,
Gold Dragonfly,601,,,,,Y,,,,,,,,,,,,,,Y,,,,,,
Seagull,602,,,,,Y,,,,,,,,,,,,,,Y,,,,,,
Seagull2,603,,,,,Y,,,,,,,,,,,,,,Y,,,,,,
LadyBug,604,,,,,Y,,,,,,,,,,,,,,Y,,,,,,
GoldLadyBug,605,,,,,Y,,,,,,,,,,,,,,Y,,,,,,
Maggot,606,,,,,Y,,,,,,,,,,,,,,Y,,,,,,
Pupfish,607,,,,,Y,,,,,,,,,,,,,,Y,,,,,,
Grebe,608,,,,,Y,,,,,,,,,,,,,,Y,,,,,,
Grebe2,609,,,,,Y,,,,,,,,,,,,,,Y,,,,,,
Rat,610,,,,,Y,,,,,,,,,,,,,,Y,,,,,,
Owl,611,,,,,Y,,,,,,,,,,,,,,Y,,,,,,
WaterStrider,612,,,,,Y,,,,,,,,,,,,,,Y,,,,,,
GoldWaterStrider,613,,,,,Y,,,,,,,,,,,,,,Y,,,,,,
ExplosiveBunny,614,,,,,Y,,,,,,,,,,,,,,Y,,,,,,
Dolphin,615,,,,,Y,,,,,,,,,,,,,,Y,Y,,,,,
Turtle,616,,,,,Y,,,,,,,,,,,,,,Y,Y,,,,,
TurtleJungle,617,,,,,Y,,,,,,,,,,,,,,Y,Y,,,,,
BloodNautilus,618,,,,,Y,,,,,,,,,,,,,,,Y,,,,,Y
BloodSquid,619,,,,,Y,,,,,,,,,,,,,,,Y,,,,,
GoblinShark,620,,,,,Y,,,,,,,Y,,,,,,,,Y,,,,,
BloodEelHead,621,,,,,Y,,,,,,,,Y,,,,,,,,,,,,
BloodEelBody,622,,,,,Y,,,,,,,,Y,,,,,,,,,,,,
BloodEelTail,623,,,,,Y,,,,,,,,Y,,,,,,,,,,,,
Gnome,624,,,,,Y,,,,,,,,,,,,,,Y,,,,,,
SeaTurtle,625,,,,,Y,,,,,,,,,,,,,,Y,Y,,,,,
Seahorse,626,,,,,Y,,,,,,,,,,,,,,Y,Y,,,,,
GoldSeahorse,627,,,,,Y,,,,,,,,,,,,,,Y,Y,,,,,
Dandelion,628,,,,,Y,,,,,,,,,,,,,,Y,,,,,,
IceMimic,629,,,,,Y,,,,,,,,,,,,,,,,,,Y,,
BloodMummy,630,,,,,Y,,,,,Y,,,,,,,,,,,,,,,
RockGolem,631,,,,,Y,,,,,,,,,,,,Y,,,,,,,,
MaggotZombie,632,,,,,Y,,,Y,,,,,,,,,,,,,,,,,
BestiaryGirl,633,,Y,,Y,,,,,,,,Y,,,,,,,,,,,,,
SporeBat,634,,,,,Y,Y,,,,,,,,,,,,,,,,,,,
SporeSkeleton,635,,,,,Y,,,,Y,,,,,,,,,,,,,,,,
HallowBoss,636,,,,Y,,,,,,,,,,,,,,,,,,Y,,,Y
TownCat,637,,,,,Y,,,,,,,,,,,,,,Y,,,,,,
TownDog,638,,,,,Y,,,,,,,,,,,,,,Y,,,,,,
GemSquirrelAmethyst,639,,,,,Y,,,,,,,,,,,,,,Y,,,,,,
GemSquirrelTopaz,640,,,,,Y,,,,,,,,,,,,,,Y,,,,,,
GemSquirrelSapphire,641,,,,,Y,,,,,,,,,,,,,,Y,,,,,,
GemSquirrelEmerald,642,,,,,Y,,,,,,,,,,,,,,Y,,,,,,
GemSquirrelRuby,643,,,,,Y,,,,,,,,,,,,,,Y,,,,,,
GemSquirrelDiamond,644,,,,,Y,,,,,,,,,,,,,,Y,,,,,,
GemSquirrelAmber,645,,,,,Y,,,,,,,,,,,,,,Y,,,,,,
GemBunnyAmethyst,646,,,,,Y,,,,,,,,,,,,,,Y,,,,,,
GemBunnyTopaz,647,,,,,Y,,,,,,,,,,,,,,Y,,,,,,
GemBunnySapphire,648,,,,,Y,,,,,,,,,,,,,,Y,,,,,,
GemBunnyEmerald,649,,,,,Y,,,,,,,,,,,,,,Y,,,,,,
GemBunnyRuby,650,,,,,Y,,,,,,,,,,,,,,Y,,,,,,
GemBunnyDiamond,651,,,,,Y,,,,,,,,,,,,,,Y,,,,,,
GemBunnyAmber,652,,,,,Y,,,,,,,,,,,,,,Y,,,,,,
HellButterfly,653,,,,,Y,,,,,,,,,,,,,,Y,,,,,,
Lavafly,654,,,,,Y,,,,,,,,,,,,,,Y,,,,,,
MagmaSnail,655,,,,,Y,,,,,,,,,,,,,,Y,,,,,,
TownBunny,656,,,,,Y,,,,,,,,,,,,,,Y,,,,,,
QueenSlimeBoss,657,,,,Y,,,,,,,,,,,,Y,,,,,,,,,Y
QueenSlimeMinionBlue,658,,,,,Y,,,,,,,,,,,Y,,,,,,,,,
QueenSlimeMinionPink,659,,,,,Y,,,,,,,,,,,Y,,,,,,,,,
QueenSlimeMinionPurple,660,,,,,Y,,,,,,,,,,,Y,,,,,,,,,
EmpressButterfly,661,,,,,Y,,,,,,,,,,,,,,Y,,,,,,
PirateGhost,662,,,,,Y,,,,,Y,,,,,,,,,,,,,,,
